-- phpMyAdmin SQL Dump
-- version 5.0.2
-- https://www.phpmyadmin.net/
--
-- Servidor: 127.0.0.1
-- Tiempo de generación: 02-01-2021 a las 11:29:22
-- Versión del servidor: 10.4.14-MariaDB
-- Versión de PHP: 7.2.33

SET SQL_MODE = "NO_AUTO_VALUE_ON_ZERO";
START TRANSACTION;
SET time_zone = "+00:00";


/*!40101 SET @OLD_CHARACTER_SET_CLIENT=@@CHARACTER_SET_CLIENT */;
/*!40101 SET @OLD_CHARACTER_SET_RESULTS=@@CHARACTER_SET_RESULTS */;
/*!40101 SET @OLD_COLLATION_CONNECTION=@@COLLATION_CONNECTION */;
/*!40101 SET NAMES utf8mb4 */;

--
-- Base de datos: `tienda-online`
--

DELIMITER $$
--
-- Procedimientos
--
CREATE DEFINER=`root`@`localhost` PROCEDURE `getcat` (IN `cid` INT)  SELECT * FROM categories WHERE cat_id=cid$$

DELIMITER ;

-- --------------------------------------------------------

--
-- Estructura de tabla para la tabla `brands`
--

CREATE TABLE `brands` (
  `brand_id` int(100) NOT NULL,
  `brand_title` text NOT NULL
) ENGINE=InnoDB DEFAULT CHARSET=latin1;

--
-- Volcado de datos para la tabla `brands`
--

INSERT INTO `brands` (`brand_id`, `brand_title`) VALUES
(1, 'HP'),
(2, 'Samsung'),
(3, 'Apple'),
(4, 'motorolla'),
(5, 'LG'),
(6, 'Cloth Brand');

-- --------------------------------------------------------

--
-- Estructura de tabla para la tabla `cart`
--

CREATE TABLE `cart` (
  `id` int(10) NOT NULL,
  `p_id` int(100) NOT NULL,
  `user_id` int(10) DEFAULT NULL,
  `ssid` varchar(255) NOT NULL,
  `qty` int(10) NOT NULL
) ENGINE=InnoDB DEFAULT CHARSET=latin1;

-- --------------------------------------------------------

--
-- Estructura de tabla para la tabla `categories`
--

CREATE TABLE `categories` (
  `cat_id` int(100) NOT NULL,
  `cat_title` text NOT NULL
) ENGINE=InnoDB DEFAULT CHARSET=latin1;

--
-- Volcado de datos para la tabla `categories`
--

INSERT INTO `categories` (`cat_id`, `cat_title`) VALUES
(1, 'Electronics'),
(2, 'Ladies Wears'),
(3, 'Mens Wear'),
(4, 'Kids Wear'),
(5, 'Furnitures'),
(6, 'Home Appliances'),
(7, 'Electronics Gadgets');

-- --------------------------------------------------------

--
-- Estructura de tabla para la tabla `products`
--

CREATE TABLE `products` (
  `product_id` int(100) NOT NULL,
  `product_cat` int(100) NOT NULL,
  `product_brand` int(100) NOT NULL,
  `product_title` varchar(255) NOT NULL,
  `product_price` int(100) NOT NULL,
  `product_desc` text NOT NULL,
  `product_image` text NOT NULL,
  `product_keywords` text NOT NULL
) ENGINE=InnoDB DEFAULT CHARSET=latin1;

--
-- Volcado de datos para la tabla `products`
--

INSERT INTO `products` (`product_id`, `product_cat`, `product_brand`, `product_title`, `product_price`, `product_desc`, `product_image`, `product_keywords`) VALUES
(1, 1, 2, 'Samsung galaxy s7 edge', 5000, 'Samsung galaxy s7 edge', 'product07.png', 'samsung mobile electronics'),
(2, 1, 3, 'iPhone 5s', 25000, 'iphone 5s', 'http___pluspng.com_img-png_iphone-hd-png-iphone-apple-png-file-550.png', 'mobile iphone apple'),
(3, 1, 3, 'iPad air 2', 30000, 'ipad apple brand', 'da4371ffa192a115f922b1c0dff88193.png', 'apple ipad tablet'),
(4, 1, 3, 'iPhone 6s', 32000, 'Apple iPhone ', 'http___pluspng.com_img-png_iphone-6s-png-iphone-6s-gold-64gb-1000.png', 'iphone apple mobile'),
(5, 1, 2, 'iPad 2', 10000, 'samsung ipad', 'iPad-air.png', 'ipad tablet samsung'),
(6, 1, 1, 'samsung Laptop r series', 35000, 'samsung Black combination Laptop', 'laptop_PNG5939.png', 'samsung laptop '),
(7, 1, 1, 'Laptop Pavillion', 50000, 'Laptop Hp Pavillion', 'laptop_PNG5930.png', 'Laptop Hp Pavillion'),
(8, 1, 4, 'Sony', 40000, 'Sony Mobile', '530201353846AM_635_sony_xperia_z.png', 'sony mobile'),
(9, 1, 3, 'iPhone New', 12000, 'iphone', 'iphone-hd-png-iphone-apple-png-file-550.png', 'iphone apple mobile'),
(10, 2, 6, 'Red Ladies dress', 1000, 'red dress for girls', 'red dress.jpg', 'red dress '),
(11, 2, 6, 'Blue Heave dress', 1200, 'Blue dress', 'images.jpg', 'blue dress cloths'),
(12, 2, 6, 'Ladies Casual Cloths', 1500, 'ladies casual summer two colors pleted', '7475-ladies-casual-dresses-summer-two-colors-pleated.jpg', 'girl dress cloths casual'),
(13, 2, 6, 'SpringAutumnDress', 1200, 'girls dress', 'Spring-Autumn-Winter-Young-Ladies-Casual-Wool-Dress-Women-s-One-Piece-Dresse-Dating-Clothes-Medium.jpg_640x640.jpg', 'girl dress'),
(14, 2, 6, 'Casual Dress', 1400, 'girl dress', 'download.jpg', 'ladies cloths girl'),
(15, 2, 6, 'Formal Look', 1500, 'girl dress', 'shutterstock_203611819.jpg', 'ladies wears dress girl'),
(16, 3, 6, 'Sweter for men', 600, '2012-Winter-Sweater-for-Men-for-better-outlook', '2012-Winter-Sweater-for-Men-for-better-outlook.jpg', 'black sweter cloth winter'),
(17, 3, 6, 'Gents formal', 1000, 'gents formal look', 'gents-formal-250x250.jpg', 'gents wear cloths'),
(19, 3, 6, 'Formal Coat', 3000, 'ad', 'images (1).jpg', 'coat blazer gents'),
(20, 3, 6, 'Mens Sweeter', 1600, 'jg', 'Winter-fashion-men-burst-sweater.png', 'sweeter gents '),
(21, 3, 6, 'T shirt', 800, 'ssds', 'IN-Mens-Apparel-Voodoo-Tiles-09._V333872612_.jpg', 'formal t shirt black'),
(22, 4, 6, 'Yellow T shirt ', 1300, 'yello t shirt with pant', '1.0x0.jpg', 'kids yellow t shirt'),
(23, 4, 6, 'Girls cloths', 1900, 'sadsf', 'GirlsClothing_Widgets.jpg', 'formal kids wear dress'),
(24, 4, 6, 'Blue T shirt', 700, 'g', 'images.jpg', 'kids dress'),
(25, 4, 6, 'Yellow girls dress', 750, 'as', 'images (3).jpg', 'yellow kids dress'),
(27, 4, 6, 'Formal look', 690, 'sd', 'image28.jpg', 'formal kids dress'),
(32, 5, 6, 'Book Shelf', 2500, 'book shelf', 'furniture-book-shelf-250x250.jpg', 'book shelf furniture'),
(33, 6, 2, 'Refrigerator', 35000, 'Refrigerator', 'CT_WM_BTS-BTC-AppliancesHome_20150723.jpg', 'refrigerator samsung'),
(34, 6, 4, 'Emergency Light', 1000, 'Emergency Light', 'emergency light.JPG', 'emergency light'),
(35, 6, 5, 'Vaccum Cleaner', 6000, 'Vaccum Cleaner', 'images (2).jpg', 'Vaccum Cleaner'),
(36, 6, 5, 'Iron', 1500, 'gj', 'iron.JPG', 'iron'),
(37, 6, 5, 'LED TV', 20000, 'LED TV', 'images (4).jpg', 'led tv lg'),
(38, 6, 4, 'Microwave Oven', 3500, 'Microwave Oven', 'images.jpg', 'Microwave Oven'),
(39, 6, 5, 'Mixer Grinder', 2500, 'Mixer Grinder', 'singer-mixer-grinder-mg-46-medium_4bfa018096c25dec7ba0af40662856ef.jpg', 'Mixer Grinder'),
(40, 2, 6, 'Formal girls dress', 3000, 'Formal girls dress', 'girl-walking.jpg', 'ladies'),
(45, 1, 2, 'Samsung Galaxy Note 3', 10000, '0', 'samsung_galaxy_note3_note3neo.JPG', 'samsung galaxy Note 3 neo'),
(46, 1, 2, 'Samsung Galaxy Note 3', 10000, '', 'samsung_galaxy_note3_note3neo.JPG', 'samsung galxaxy note 3 neo'),
(47, 4, 6, 'Laptop', 650, 'nbk', 'product01.png', 'Dell Laptop'),
(48, 1, 3, 'Headphones', 250, 'Headphones', 'product05.png', 'Headphones Apple'),
(49, 1, 3, 'Headphones', 250, 'Headphones', 'product05.png', 'Headphones Apple'),
(50, 3, 6, 'boys shirts', 350, 'shirts', 'pm1.JPG', 'suit boys shirts'),
(51, 3, 6, 'boys shirts', 270, 'shirts', 'pm2.JPG', 'suit boys shirts'),
(52, 3, 6, 'boys shirts', 453, 'shirts', 'pm3.JPG', 'suit boys shirts'),
(53, 3, 6, 'boys shirts', 220, 'shirts', 'ms1.JPG', 'suit boys shirts'),
(54, 3, 6, 'boys shirts', 290, 'shirts', 'ms2.JPG', 'suit boys shirts'),
(55, 3, 6, 'boys shirts', 259, 'shirts', 'ms3.JPG', 'suit boys shirts'),
(56, 3, 6, 'boys shirts', 299, 'shirts', 'pm7.JPG', 'suit boys shirts'),
(57, 3, 6, 'boys shirts', 260, 'shirts', 'i3.JPG', 'suit boys shirts'),
(58, 3, 6, 'boys shirts', 350, 'shirts', 'pm9.JPG', 'suit boys shirts'),
(59, 3, 6, 'boys shirts', 855, 'shirts', 'a2.JPG', 'suit boys shirts'),
(60, 3, 6, 'boys shirts', 150, 'shirts', 'pm11.JPG', 'suit boys shirts'),
(61, 3, 6, 'boys shirts', 215, 'shirts', 'pm12.JPG', 'suit boys shirts'),
(62, 3, 6, 'boys shirts', 299, 'shirts', 'pm13.JPG', 'suit boys shirts'),
(63, 3, 6, 'boys Jeans Pant', 550, 'Pants', 'pt1.JPG', 'boys Jeans Pant'),
(64, 3, 6, 'boys Jeans Pant', 460, 'pants', 'pt2.JPG', 'boys Jeans Pant'),
(65, 3, 6, 'boys Jeans Pant', 470, 'pants', 'pt3.JPG', 'boys Jeans Pant'),
(66, 3, 6, 'boys Jeans Pant', 480, 'pants', 'pt4.JPG', 'boys Jeans Pant'),
(67, 3, 6, 'boys Jeans Pant', 360, 'pants', 'pt5.JPG', 'boys Jeans Pant'),
(68, 3, 6, 'boys Jeans Pant', 550, 'pants', 'pt6.JPG', 'boys Jeans Pant'),
(69, 3, 6, 'boys Jeans Pant', 390, 'pants', 'pt7.JPG', 'boys Jeans Pant'),
(70, 3, 6, 'boys Jeans Pant', 399, 'pants', 'pt8.JPG', 'boys Jeans Pant'),
(71, 1, 2, 'Samsung galaxy s7', 5000, 'Samsung galaxy s7', 'product07.png', 'samsung mobile electronics'),
(72, 7, 2, 'sony Headphones', 3500, 'sony Headphones', 'product02.png', 'sony Headphones electronics gadgets'),
(73, 7, 2, 'samsung Headphones', 3500, 'samsung Headphones', 'product05.png', 'samsung Headphones electronics gadgets'),
(74, 1, 1, 'HP i5 laptop', 5500, 'HP i5 laptop', 'product01.png', 'HP i5 laptop electronics'),
(75, 1, 1, 'HP i7 laptop 8gb ram', 5500, 'HP i7 laptop 8gb ram', 'product03.png', 'HP i7 laptop 8gb ram electronics'),
(76, 1, 5, 'sony note 6gb ram', 4500, 'sony note 6gb ram', 'product04.png', 'sony note 6gb ram mobile electronics'),
(77, 1, 4, 'MSV laptop 16gb ram NVIDEA Graphics', 5499, 'MSV laptop 16gb ram', 'product06.png', 'MSV laptop 16gb ram NVIDEA Graphics electronics'),
(78, 1, 5, 'dell laptop 8gb ram intel integerated Graphics', 4579, 'dell laptop 8gb ram intel integerated Graphics', 'product08.png', 'dell laptop 8gb ram intel integerated Graphics electronics'),
(79, 7, 2, 'camera with 3D pixels', 2569, 'camera with 3D pixels', 'product09.png', 'camera with 3D pixels camera electronics gadgets'),
(80, 1, 1, 'ytrfdkjsd', 12343, 'sdfhgh', '1542455446_thythtf .jpeg', 'dfgh'),
(81, 4, 6, 'Kids blue dress', 300, 'blue dress', '1543993724_pg4.jpg', 'kids blue dress');

-- --------------------------------------------------------

--
-- Estructura de tabla para la tabla `user_info`
--

CREATE TABLE `user_info` (
  `user_id` int(10) NOT NULL,
  `first_name` varchar(100) NOT NULL,
  `last_name` varchar(100) NOT NULL,
  `email` varchar(300) NOT NULL,
  `password` varchar(300) NOT NULL,
  `user_type` enum('normal','admin') DEFAULT 'normal',
  `status` enum('active','disabled') DEFAULT 'active'
) ENGINE=InnoDB DEFAULT CHARSET=latin1;

--
-- Índices para tablas volcadas
--

--
-- Indices de la tabla `brands`
--
ALTER TABLE `brands`
  ADD PRIMARY KEY (`brand_id`);

--
-- Indices de la tabla `cart`
--
ALTER TABLE `cart`
  ADD PRIMARY KEY (`id`),
  ADD KEY `fk_cart_userID` (`user_id`),
  ADD KEY `fk_cart_products` (`p_id`);

--
-- Indices de la tabla `categories`
--
ALTER TABLE `categories`
  ADD PRIMARY KEY (`cat_id`);

--
-- Indices de la tabla `products`
--
ALTER TABLE `products`
  ADD PRIMARY KEY (`product_id`),
  ADD KEY `fk_products_categories` (`product_cat`),
  ADD KEY `fk_products_brands` (`product_brand`);

--
-- Indices de la tabla `user_info`
--
ALTER TABLE `user_info`
  ADD PRIMARY KEY (`user_id`);

--
-- AUTO_INCREMENT de las tablas volcadas
--

--
-- AUTO_INCREMENT de la tabla `cart`
--
ALTER TABLE `cart`
  MODIFY `id` int(10) NOT NULL AUTO_INCREMENT;

--
-- AUTO_INCREMENT de la tabla `products`
--
ALTER TABLE `products`
  MODIFY `product_id` int(100) NOT NULL AUTO_INCREMENT, AUTO_INCREMENT=82;

--
-- AUTO_INCREMENT de la tabla `user_info`
--
ALTER TABLE `user_info`
  MODIFY `user_id` int(10) NOT NULL AUTO_INCREMENT;

--
-- Restricciones para tablas volcadas
--

--
-- Filtros para la tabla `cart`
--
ALTER TABLE `cart`
  ADD CONSTRAINT `fk_cart_products` FOREIGN KEY (`p_id`) REFERENCES `products` (`product_id`),
  ADD CONSTRAINT `fk_cart_userID` FOREIGN KEY (`user_id`) REFERENCES `user_info` (`user_id`);

--
-- Filtros para la tabla `products`
--
ALTER TABLE `products`
  ADD CONSTRAINT `fk_products_brands` FOREIGN KEY (`product_brand`) REFERENCES `brands` (`brand_id`),
  ADD CONSTRAINT `fk_products_categories` FOREIGN KEY (`product_cat`) REFERENCES `categories` (`cat_id`);
COMMIT;

/*!40101 SET CHARACTER_SET_CLIENT=@OLD_CHARACTER_SET_CLIENT */;
/*!40101 SET CHARACTER_SET_RESULTS=@OLD_CHARACTER_SET_RESULTS */;
/*!40101 SET COLLATION_CONNECTION=@OLD_COLLATION_CONNECTION */;
